trajectory_type,n_prefectures,mean_pop_growth_ann_pct,mean_econ_growth_ann_pct,mean_connectivity_gain,mean_zone_intensity
Mixed Transitional Pattern,202,0.5906244496671427,12.212226385185481,284.5746113212843,0.13366336633663364
Activity Growth Without Population Surge,48,-0.5510040609749942,14.035383991690587,329.4085077260214,0.0625
Population-Heavy / Lower Activity Growth,39,1.7458375719877424,11.066930140201107,391.5298496817181,0.3974358974358974
Rail-Led Corridor Urbanization,23,1.9219024593153369,13.360584892761961,836.9686039571976,0
Bypassed / Lagging Region,15,-0.2609298272751322,9.698787010835531,33.64278360179613,0
Zone-Led Industrial/Policy Growth,9,0.3414054138831865,13.932068025602975,183.3983176202355,0.6111111111111112
Zone-Rail Synergy Growth Pole,8,2.1071874892773126,14.100668435620362,787.4704544939716,0.6875
